Post ID,Legacy ID,Post URL,Facebook URL,Input URL,Time Posted,User ID,User Name,Post Text,Group Title,Facebook ID,Likes Count,Shares Count,Comments Count,Reaction Like Count,Reaction Love Count,Reaction Wow Count,Reaction Care Count,Reaction Haha Count,Reaction Sad Count,Top Reactions Count,Feedback ID,Has Attachments,Attachment Count,Has Top Comments,Top Comments Count,Scraped At,Scraped Date,Scraped Time,Attachments Info,Top Comments,Post Facebook ID,Page ID,Page Name,Top Level URL,Timestamp,Link,Thumbnail,Source Type
,,,,,,,,,,,0,0,0,0.0,0.0,0.0,0.0,0.0,0.0,0.0,,No,0.0,No,0.0,2025-06-18 11:45:33,2025-06-18,11:45:33,,,,,,,,,,
771091601910976,,https://www.facebook.com/primebankofficial/videos/8204026676388315/,https://www.facebook.com/primebankofficial,https://www.facebook.com/primebankofficial,2025-06-18T04:29:13.000Z,,,"Customer Engagement Program at Baridhara Branch, organized by Prime Bank Neera.

#PrimeBank #Neera #ami_neera #CustomerEngagement #PowerToYou",,100070304281907,32,4,0,,,,,,,,,,,,,2025-06-18 12:03:17,2025-06-18,12:03:17,,,,,primebankofficial,https://www.facebook.com/100070304281907/posts/771091601910976,1750220953.0,,,Facebook Page
770598281960308,,https://www.facebook.com/primebankofficial/posts/pfbid02w1wksaJGjWS5WfakmWiApoUVwGD1i6utVrps6qabyUw9unYMZkgFzuc8qxvuHVQcl,https://www.facebook.com/primebankofficial,https://www.facebook.com/primebankofficial,2025-06-17T13:34:14.000Z,,,"Choose your preferred investment option with Prime Bank and enjoy 15% ùêìùêÄùêó ùêëùêÑùêÅùêÄùêìùêÑ!

For details, visit: https://tinyurl.com/537ptx9n

#PrimeBank #taxrebates #wealthmanagement #investment",,100070304281907,39,4,0,,,,,,,,,,,,,2025-06-18 12:03:17,2025-06-18,12:03:17,,,,,primebankofficial,https://www.facebook.com/100070304281907/posts/770598281960308,1750167254.0,https://tinyurl.com/537ptx9n,,Facebook Page
770561111964025,,https://www.facebook.com/primebankofficial/posts/pfbid0vc8xtcfZn4YqmGJ2nEnwWfcM8V3YLHW5hz4XDZmoM5btjTzfzgjWXU9PAM3edNTql,https://www.facebook.com/primebankofficial,https://www.facebook.com/primebankofficial,2025-06-17T12:32:34.000Z,,,"‡¶ï‡ßÉ‡¶∑‡¶ø ‡¶ã‡¶£ ‡¶∏‡¶π‡¶ú ‡¶π‡¶≤‡ßá‡¶á ‡¶Ü‡¶Æ‡¶æ‡¶¶‡ßá‡¶∞ ‡¶ï‡ßÉ‡¶∑‡¶ø ‡¶ñ‡¶æ‡¶§‡ßá ‡¶Ü‡¶∏‡¶¨‡ßá ‡¶∏‡¶Æ‡ßÉ‡¶¶‡ßç‡¶ß‡¶ø‡•§

‡¶§‡¶æ‡¶á ‡¶Ü‡¶¨‡¶æ‡¶¶ ‡¶ã‡¶£, ‡¶ñ‡¶æ‡¶Æ‡¶æ‡¶∞ ‡¶ã‡¶£ ‡¶è‡¶¨‡¶Ç ‡¶®‡¶¨‡¶æ‡¶®‡ßç‡¶® ‡¶ã‡¶£ ‡¶®‡¶ø‡ßü‡ßá ‡¶ï‡ßÉ‡¶∑‡¶ï‡¶¶‡ßá‡¶∞ ‡¶™‡¶æ‡¶∂‡ßá ‡¶Ü‡¶õ‡ßá ‡¶™‡ßç‡¶∞‡¶æ‡¶á‡¶Æ ‡¶¨‡ßç‡¶Ø‡¶æ‡¶Ç‡¶ï ‡¶è‡¶ú‡ßá‡¶®‡ßç‡¶ü ‡¶¨‡ßç‡¶Ø‡¶æ‡¶Ç‡¶ï‡¶ø‡¶Ç! 

#agriculture #agriloans #farming #agribusiness #loans #PrimeBank",,100070304281907,105,14,4,,,,,,,,,,,,,2025-06-18 12:03:17,2025-06-18,12:03:17,,,,,primebankofficial,https://www.facebook.com/100070304281907/posts/770561111964025,1750163554.0,https://www.primebank.com.bd/,,Facebook Page
770491848637618,,https://www.facebook.com/primebankofficial/posts/pfbid02EDacGAhepRwLccKT44z72WtprthGi53Sui5vYJaYJ34a7eGpnQmFoawSn8B1aghyl,https://www.facebook.com/primebankofficial,https://www.facebook.com/primebankofficial,2025-06-17T10:30:12.000Z,,,"Prime Bank has signed a strategic agreement with SARTO & SUIT EXPRESS to offer exclusive privileges to its Priority Banking customers and cardholders. The signing ceremony took place at the Bank‚Äôs corporate office in Gulshan.

Under this partnership, Prime Bank‚Äôs Priority Banking customers and cardholders will enjoy attractive benefits and privileges on bespoke tailoring and premium ready-to-wear services offered by SARTO & SUIT EXPRESS.

The agreement was formally signed by Md. Nazeem A. Choudhury, Deputy Managing Director of Prime Bank PLC. and Shehzad Aaqib, Founder and Creative Director of SARTO & SUIT EXPRESS. Also present at the ceremony were Joarder Tanvir Faisal, Executive Vice President & Head of Cards and Retail Asset at Prime Bank; Tysir Khan, Deputy Managing Director of JK Group of Industry along with other senior officials from both organizations.

This collaboration reflects Prime Bank‚Äôs ongoing commitment to delivering premium lifestyle privileges and curated experiences for its valued Priority customers.

#PriorityBanking #PrimeBank",,100070304281907,157,8,8,,,,,,,,,,,,,2025-06-18 12:03:17,2025-06-18,12:03:17,,,,,primebankofficial,https://www.facebook.com/100070304281907/posts/770491848637618,1750156212.0,https://www.primebank.com.bd/find-locations,,Facebook Page
770358678650935,,https://www.facebook.com/primebankofficial/posts/pfbid02gPATiSVsSf6hwvDYeuMCb7zPjXLSmhCxWV6X3N1k3qurhUMXfAdTi4UvegtJYb5Tl,https://www.facebook.com/primebankofficial,https://www.facebook.com/primebankofficial,2025-06-17T06:00:58.000Z,,,"üéâ ‡¶™‡ßç‡¶∞‡¶æ‡¶á‡¶Æ ‡¶¨‡ßç‡¶Ø‡¶æ‡¶Ç‡¶ï‡ßá‡¶∞ ‡¶®‡¶§‡ßÅ‡¶® ‡¶∂‡¶æ‡¶ñ‡¶æ ‡¶è‡¶ñ‡¶® ‡¶ö‡¶æ‡¶Å‡¶¶‡¶™‡ßÅ‡¶∞‡ßá! ‡ß©‡ß¶ ‡¶¨‡¶õ‡¶∞‡ßá‡¶∞ ‡¶Ü‡¶∏‡ßç‡¶•‡¶æ ‡¶ì ‡¶Ü‡¶ß‡ßÅ‡¶®‡¶ø‡¶ï ‡¶¨‡ßç‡¶Ø‡¶æ‡¶Ç‡¶ï‡¶ø‡¶Ç ‡¶∏‡ßá‡¶¨‡¶æ‡¶∞ ‡¶ß‡¶æ‡¶∞‡¶æ‡¶¨‡¶æ‡¶π‡¶ø‡¶ï‡¶§‡¶æ‡ßü ‡¶è‡¶¨‡¶æ‡¶∞ ‡¶ö‡¶æ‡¶Å‡¶¶‡¶™‡ßÅ‡¶∞‡ßá ‡¶Ü‡¶Æ‡¶æ‡¶¶‡ßá‡¶∞ ‡¶®‡¶§‡ßÅ‡¶® ‡¶∂‡¶æ‡¶ñ‡¶æ‡¶∞ ‡¶Ø‡¶æ‡¶§‡ßç‡¶∞‡¶æ ‡¶∂‡ßÅ‡¶∞‡ßÅ‡•§

‡¶†‡¶ø‡¶ï‡¶æ‡¶®‡¶æ: ‡¶™‡ßç‡¶∞‡¶ø‡¶Æ‡¶ø‡ßü‡¶æ‡¶∞ ‡¶ü‡¶æ‡¶ì‡ßü‡¶æ‡¶∞, ‡¶π‡¶æ‡¶ú‡ßÄ ‡¶Æ‡¶π‡¶∏‡¶ø‡¶® ‡¶∞‡ßã‡¶° (‡ß®‡ßü ‡¶§‡¶≤‡¶æ), ‡¶Ü‡¶≤‡¶ø‡¶Æ‡¶™‡¶æ‡ßú‡¶æ, ‡¶ö‡¶æ‡¶Å‡¶¶‡¶™‡ßÅ‡¶∞ ‡¶∏‡¶¶‡¶∞, ‡¶ö‡¶æ‡¶Å‡¶¶‡¶™‡ßÅ‡¶∞

‚úÖ ‡¶®‡¶§‡ßÅ‡¶® ‡¶†‡¶ø‡¶ï‡¶æ‡¶®‡¶æ‡¶Ø‡¶º ‡¶Ü‡¶∞‡¶ì ‡¶Ü‡¶ß‡ßÅ‡¶®‡¶ø‡¶ï ‡¶ì ‡¶∏‡¶æ‡¶∂‡ßç‡¶∞‡¶Ø‡¶º‡ßÄ ‡¶¨‡ßç‡¶Ø‡¶æ‡¶Ç‡¶ï‡¶ø‡¶Ç ‡¶∏‡ßÅ‡¶¨‡¶ø‡¶ß‡¶æ!

#PrimeBank #NewBranch #CustomerFirst #SmartBanking #Chandpur #BranchExpansion",,100070304281907,345,58,50,,,,,,,,,,,,,2025-06-18 12:03:17,2025-06-18,12:03:17,,,,,primebankofficial,https://www.facebook.com/100070304281907/posts/770358678650935,1750140058.0,,,Facebook Page
769796352040501,,https://www.facebook.com/primebankofficial/posts/pfbid02kb92uCaPRMw47fjTJLiQjVgZTjeVSDjE3jQZjhT8szrwFUaUbe74GNULPopd2wqkl,https://www.facebook.com/primebankofficial,https://www.facebook.com/primebankofficial,2025-06-16T13:32:55.000Z,,,"‡¶Æ‡¶æ‡¶á‡¶™‡ßç‡¶∞‡¶æ‡¶á‡¶Æ ‡¶Ö‡ßç‡¶Ø‡¶æ‡¶™‡ßá ‡¶∞‡ßá‡¶ú‡¶ø‡¶∏‡ßç‡¶ü‡ßç‡¶∞‡ßá‡¶∂‡¶® ‡¶ï‡¶∞‡¶≤‡ßá‡¶á ‡¶™‡¶æ‡¶ö‡ßç‡¶õ‡ßá‡¶® ‡ßß‡ß¶‡ß¶ ‡¶ü‡¶æ‡¶ï‡¶æ ‡¶ï‡ßç‡¶Ø‡¶æ‡¶∂‡¶¨‡ßç‡¶Ø‡¶æ‡¶ï!

‡¶§‡¶æ‡¶á ‡¶¶‡ßá‡¶∞‡¶ø ‡¶®‡¶æ ‡¶ï‡¶∞‡ßá ‡¶è‡¶ñ‡¶®‡¶ø ‡¶°‡¶æ‡¶â‡¶®‡¶≤‡ßã‡¶° ‡¶ï‡¶∞‡ßÅ‡¶® ‡¶Æ‡¶æ‡¶á‡¶™‡ßç‡¶∞‡¶æ‡¶á‡¶Æ ‡¶Ö‡ßç‡¶Ø‡¶æ‡¶™ ‡¶Ü‡¶∞ ‡¶∞‡ßá‡¶ú‡¶ø‡¶∏‡ßç‡¶ü‡ßç‡¶∞‡ßá‡¶∂‡¶® ‡¶ï‡¶∞‡ßá ‡¶´‡ßá‡¶≤‡ßÅ‡¶®‡•§

‡¶Æ‡¶æ‡¶á‡¶™‡ßç‡¶∞‡¶æ‡¶á‡¶Æ ‡¶Ö‡ßç‡¶Ø‡¶æ‡¶™ ‡¶°‡¶æ‡¶â‡¶®‡¶≤‡ßã‡¶° ‡¶ï‡¶∞‡¶§‡ßá ‡¶ï‡ßç‡¶≤‡¶ø‡¶ï ‡¶ï‡¶∞‡ßÅ‡¶®: tinyurl.com/Download-MyPrime

#moretoyou #MyPrime #PrimeBank",,100070304281907,111,3,12,,,,,,,,,,,,,2025-06-18 12:03:17,2025-06-18,12:03:17,,,,,primebankofficial,https://www.facebook.com/100070304281907/posts/769796352040501,1750080775.0,http://tinyurl.com/Download-MyPrime,,Facebook Page
769144355439034,,https://www.facebook.com/primebankofficial/posts/pfbid02BcS6Tg9ZxP2Ha2DJwViq8bm6cr7dFcoT8oNaTxccLZYYVdaH6YLpM86DfYzerVeul,https://www.facebook.com/primebankofficial,https://www.facebook.com/primebankofficial,2025-06-15T18:00:20.000Z,,,"‡¶Ü‡¶®‡ßç‡¶§‡¶∞‡ßç‡¶ú‡¶æ‡¶§‡¶ø‡¶ï ‡¶´‡ßç‡¶Ø‡¶æ‡¶Æ‡¶ø‡¶≤‡¶ø ‡¶∞‡ßá‡¶Æ‡¶ø‡¶ü‡ßç‡¶Ø‡¶æ‡¶®‡ßç‡¶∏ ‡¶¶‡¶ø‡¶¨‡¶∏‡ßá ‡¶Ü‡¶Æ‡¶∞‡¶æ ‡¶∂‡ßç‡¶∞‡¶¶‡ßç‡¶ß‡¶æ ‡¶ú‡¶æ‡¶®‡¶æ‡¶á ‡¶§‡¶æ‡¶Å‡¶¶‡ßá‡¶∞, ‡¶Ø‡¶æ‡¶∞‡¶æ ‡¶¶‡ßá‡¶∂‡ßá‡¶∞ ‡¶Æ‡¶æ‡¶ü‡¶ø‡¶∞ ‡¶∏‡ßç‡¶¨‡¶™‡ßç‡¶® ‡¶¨‡ßÅ‡¶®‡ßá ‡¶ö‡¶≤‡ßá‡¶õ‡ßá‡¶® ‡¶¶‡ßÇ‡¶∞‡¶≠‡ßÇ‡¶Æ‡¶ø ‡¶•‡ßá‡¶ï‡ßá‡•§ ‡¶§‡¶æ‡¶¶‡ßá‡¶∞ ‡¶™‡¶æ‡¶†‡¶æ‡¶®‡ßã ‡¶™‡ßç‡¶∞‡¶§‡¶ø‡¶ü‡¶ø ‡¶∞‡ßá‡¶Æ‡¶ø‡¶ü‡ßç‡¶Ø‡¶æ‡¶®‡ßç‡¶∏ ‡¶π‡ßü‡ßá ‡¶â‡¶†‡ßÅ‡¶ï ‡¶™‡¶∞‡¶ø‡¶¨‡¶æ‡¶∞‡ßá‡¶∞ ‡¶®‡¶ø‡¶∞‡¶æ‡¶™‡¶§‡ßç‡¶§‡¶æ‡¶∞ ‡¶≠‡¶ø‡¶§‡ßç‡¶§‡¶ø - ‡¶™‡ßç‡¶∞‡¶æ‡¶á‡¶Æ ‡¶™‡¶∞‡¶ø‡¶ú‡¶® ‡¶∏‡ßá‡¶≠‡¶ø‡¶Ç‡¶∏ ‡¶è‡¶ï‡¶æ‡¶â‡¶®‡ßç‡¶ü‡ßá‡¶∞ ‡¶Æ‡¶æ‡¶ß‡ßç‡¶Ø‡¶Æ‡ßá‡•§

#PrimeBankPLC #PrimePorijon #InsuranceBenefits #PorijonSavingsAccount #RemittanceForFamily #InternationalDayOfFamilyRemittances",,100070304281907,120,7,9,,,,,,,,,,,,,2025-06-18 12:03:17,2025-06-18,12:03:17,,,,,primebankofficial,https://www.facebook.com/100070304281907/posts/769144355439034,1750010420.0,http://onelink.to/7pbj6v,,Facebook Page
768681448818658,,https://www.facebook.com/primebankofficial/posts/pfbid0pz9RDenJbUi6fgZYeSR5WssdLD6jAPDLmwPviRgiyKuuiPp848xrgMqoUdXDQLDRl,https://www.facebook.com/primebankofficial,https://www.facebook.com/primebankofficial,2025-06-15T06:59:30.000Z,,,"‚≠êÔ∏è ‡¶Ü‡¶ó‡¶æ‡¶Æ‡ßÄ‡¶∞ ‡¶¨‡ßç‡¶Ø‡¶æ‡¶Ç‡¶ï‡¶ø‡¶Ç ‡¶®‡¶ø‡ßü‡ßá ‡¶™‡ßç‡¶∞‡¶æ‡¶á‡¶Æ ‡¶¨‡ßç‡¶Ø‡¶æ‡¶Ç‡¶ï ‡¶è‡¶ñ‡¶® ‡¶¶‡¶ï‡ßç‡¶∑‡¶ø‡¶£ ‡¶¨‡¶®‡¶∂‡ßç‡¶∞‡ßÄ, ‡¶¢‡¶æ‡¶ï‡¶æ‡ßü! 

‡¶Ü‡¶™‡¶®‡¶æ‡¶∞ ‡¶™‡ßç‡¶∞‡ßü‡ßã‡¶ú‡¶®‡ßÄ‡ßü ‡¶∏‡¶ï‡¶≤ ‡¶¨‡ßç‡¶Ø‡¶æ‡¶Ç‡¶ï‡¶ø‡¶Ç ‡¶∏‡ßá‡¶¨‡¶æ ‡¶™‡ßá‡¶§‡ßá ‡¶Ü‡¶Æ‡¶æ‡¶¶‡ßá‡¶∞ ‡¶®‡¶§‡ßÅ‡¶® ‡¶è‡¶ú‡ßá‡¶®‡ßç‡¶ü ‡¶Ü‡¶â‡¶ü‡¶≤‡ßá‡¶ü‡ßá ‡¶Ü‡¶∏‡ßÅ‡¶® ‡¶è‡¶¨‡¶Ç ‡¶¨‡¶æ‡ßú‡¶ø‡¶∞ ‡¶ï‡¶æ‡¶õ‡ßá‡¶á ‡¶™‡ßá‡ßü‡ßá ‡¶Ø‡¶æ‡¶® ‡¶Ü‡¶ß‡ßÅ‡¶®‡¶ø‡¶ï ‡¶¨‡ßç‡¶Ø‡¶æ‡¶Ç‡¶ï‡¶ø‡¶Ç ‡¶∏‡ßÅ‡¶¨‡¶ø‡¶ß‡¶æ‡•§

üèòÔ∏è ‡¶Ü‡¶Ø‡¶º‡¶æ‡¶® ‡¶è‡¶®‡ßç‡¶ü‡¶æ‡¶∞‡¶™‡ßç‡¶∞‡¶æ‡¶á‡¶ú, ‡¶¨‡¶æ‡¶°‡¶º‡¶ø- ‡ßÆ‡ß™, ‡¶∞‡ßã‡¶°- ‡ßß‡ß™, ‡¶¨‡ßç‡¶≤‡¶ï- ‡¶è‡¶á‡¶ö, ‡¶¶‡¶ï‡ßç‡¶∑‡¶ø‡¶£ ‡¶¨‡¶®‡¶∂‡ßç‡¶∞‡ßÄ, ‡¶¢‡¶æ‡¶ï‡¶æ‡•§

#dhaka #dps #fdr #savings #remittance #AgentBanking #PrimeBank",,100070304281907,75,4,9,,,,,,,,,,,,,2025-06-18 12:03:17,2025-06-18,12:03:17,,,,,primebankofficial,https://www.facebook.com/100070304281907/posts/768681448818658,1749970770.0,,,Facebook Page
725429063143897,,https://www.facebook.com/primebankofficial/posts/1035501142023675:1035501142023675,https://www.facebook.com/primebankofficial,https://www.facebook.com/primebankofficial,2025-06-15T04:44:47.000Z,,,,,100070304281907,540,13,37,,,,,,,,,,,,,2025-06-18 12:03:17,2025-06-18,12:03:17,,,,,primebankofficial,https://www.facebook.com/100070304281907/posts/725429063143897,1749962687.0,,,Facebook Page
768603615493108,,https://www.facebook.com/primebankofficial/posts/pfbid032ZgGcdkKi7mjwZG9kGPE24Ddfn7KwZ8HbHBmn9tP5JND9LitNbXxXKwmwwq1VS2rl,https://www.facebook.com/primebankofficial,https://www.facebook.com/primebankofficial,2025-06-15T04:29:22.000Z,,,"PrimePay ‚Äì ‡¶Ü‡¶™‡¶®‡¶æ‡¶∞ ‡¶¨‡¶ø‡¶ú‡¶®‡ßá‡¶∏‡ßá‡¶∞ ‡¶ì‡ßü‡¶æ‡¶® ‡¶∏‡ßç‡¶ü‡¶™ ‡¶∏‡¶≤‡ßç‡¶Ø‡ßÅ‡¶∂‡¶®!

‡¶®‡¶ø‡¶∞‡¶æ‡¶™‡¶¶, ‡¶¶‡ßç‡¶∞‡ßÅ‡¶§ ‡¶ì ‡¶∏‡¶π‡¶ú ‡¶≤‡ßá‡¶®‡¶¶‡ßá‡¶® ‡¶è‡¶ñ‡¶® ‡¶π‡¶æ‡¶§‡ßá‡¶∞ ‡¶Æ‡ßÅ‡¶†‡ßã‡¶Ø‡¶º‡•§

RTGS, NPSB, MFS, Utility Bill Payment, Fund Transfer‚Äî‡¶∏‡¶¨‡¶ï‡¶ø‡¶õ‡ßÅ ‡¶è‡¶ï ‡¶™‡ßç‡¶≤‡ßç‡¶Ø‡¶æ‡¶ü‡¶´‡¶∞‡ßç‡¶Æ‡ßá‡•§

‚úÖ ‡¶∏‡¶¨ ‡¶ß‡¶∞‡¶®‡ßá‡¶∞ ‡¶™‡ßá‡¶Æ‡ßá‡¶®‡ßç‡¶ü
‚úÖ ‡¶∏‡¶¨ ‡¶¨‡ßç‡¶Ø‡¶æ‡¶Ç‡¶ï‡ßá ‡¶ü‡¶æ‡¶ï‡¶æ ‡¶™‡¶æ‡¶†‡¶æ‡¶®
‚úÖ ‡¶Ü‡¶™‡¶®‡¶æ‡¶∞ ‡¶¨‡ßç‡¶Ø‡¶¨‡¶∏‡¶æ‡¶∞ ‡¶∏‡¶Æ‡¶Ø‡¶º ‡¶Ü‡¶∞ ‡¶ñ‡¶∞‡¶ö ‡¶¨‡¶æ‡¶Å‡¶ö‡¶æ‡¶®

‡¶¨‡¶ø‡¶∏‡ßç‡¶§‡¶æ‡¶∞‡¶ø‡¶§ ‡¶ú‡¶æ‡¶®‡¶§‡ßá ‡¶™‡ßç‡¶≤‡¶ø‡¶ú ‡¶á-‡¶Æ‡ßá‡¶á‡¶≤: primepay@primebank.com.bd

‡¶è‡¶õ‡¶æ‡ßú‡¶æ‡¶ì ‡¶Ø‡ßá‡¶ï‡ßã‡¶®‡ßã ‡¶ß‡¶∞‡¶®‡ßá‡¶∞ ‡¶¨‡ßç‡¶Ø‡¶æ‡¶Ç‡¶ï‡¶ø‡¶Ç ‡¶∏‡ßá‡¶¨‡¶æ ‡¶™‡ßá‡¶§‡ßá ‡¶ï‡¶≤ ‡¶ï‡¶∞‡ßÅ‡¶® ‡ßß‡ß¨‡ß®‡ßß‡ßÆ-‡¶è ‡¶Ø‡ßá‡¶ï‡ßã‡¶®‡ßã ‡¶∏‡¶Æ‡ßü, ‡¶Ø‡ßá‡¶ï‡ßã‡¶®‡ßã ‡¶™‡ßç‡¶∞‡ßü‡ßã‡¶ú‡¶®‡ßá‡•§‡¶∏‡¶æ‡¶á‡¶® ‡¶≤‡ßç‡¶Ø‡¶æ‡¶ô‡ßç‡¶ó‡ßÅ‡ßü‡ßá‡¶ú ‡¶≠‡¶ø‡¶°‡¶ø‡¶ì ‡¶ï‡¶≤ ‡¶∏‡¶æ‡¶∞‡ßç‡¶≠‡¶ø‡¶∏ ‡¶®‡¶ø‡¶§‡ßá ‡¶ï‡¶≤ ‡¶ï‡¶∞‡ßÅ‡¶® ‡¶π‡ßã‡ßü‡¶æ‡¶ü‡¶∏‡¶Ö‡ßç‡¶Ø‡¶æ‡¶™ ‡¶¶‡¶ø‡¶Ø‡¶º‡ßá: ‡ß¶‡ßß‡ß© ‡ß®‡ßß‡ßß ‡ßß‡ß¨‡ß®‡ßß‡ßÆ (‡¶∏‡¶ï‡¶æ‡¶≤ ‡ßß‡ß¶ ‡¶ü‡¶æ - ‡¶¨‡¶ø‡¶ï‡¶æ‡¶≤ ‡ß™ ‡¶ü‡¶æ)

#BusinessTransactions #PrimePay #PrimeBank",,100070304281907,108,6,3,,,,,,,,,,,,,2025-06-18 12:03:17,2025-06-18,12:03:17,,,,,primebankofficial,https://www.facebook.com/100070304281907/posts/768603615493108,1749961762.0,http://onelink.to/7pbj6v,,Facebook Page
768296855523784,,https://www.facebook.com/primebankofficial/posts/pfbid0PQJq41CSqVwukaTscpnrZfcDZ2u2PygYEnPYDvqiEDio2P2VBzs9duUgjCQeFEk6l,https://www.facebook.com/primebankofficial,https://www.facebook.com/primebankofficial,2025-06-14T18:00:10.000Z,,,"‡¶õ‡ßã‡¶ü ‡¶™‡¶æ‡¶Ø‡¶º‡ßá ‡¶™‡ßç‡¶∞‡¶•‡¶Æ ‡¶™‡¶¶‡¶ï‡ßç‡¶∑‡ßá‡¶™ ‡¶•‡ßá‡¶ï‡ßá ‡¶∂‡ßÅ‡¶∞‡ßÅ ‡¶ï‡¶∞‡ßá ‡¶¨‡¶°‡¶º ‡¶∏‡ßç‡¶¨‡¶™‡ßç‡¶® ‡¶¶‡ßá‡¶ñ‡¶æ‡¶®‡ßã ‡¶™‡¶∞‡ßç‡¶Ø‡¶®‡ßç‡¶§, ‡¶§‡¶æ‡¶∞ ‡¶≠‡¶æ‡¶≤‡ßã‡¶¨‡¶æ‡¶∏‡¶æ ‡¶è‡¶¨‡¶Ç ‡¶∏‡¶æ‡¶π‡¶∏ ‡¶Ü‡¶Æ‡¶æ‡¶¶‡ßá‡¶∞ ‡¶ú‡ßÄ‡¶¨‡¶®‡ßá‡¶∞ ‡¶∏‡¶¨‡¶ö‡ßá‡¶Ø‡¶º‡ßá ‡¶¨‡¶°‡¶º ‡¶â‡ßé‡¶∏‡•§ ‡¶™‡ßç‡¶∞‡¶æ‡¶á‡¶Æ ‡¶¨‡ßç‡¶Ø‡¶æ‡¶Ç‡¶ï ‡¶•‡ßá‡¶ï‡ßá ‡¶∏‡¶ï‡¶≤ ‡¶¨‡¶æ‡¶¨‡¶æ‡¶ï‡ßá ‡¶∂‡ßÅ‡¶≠ ‡¶¨‡¶æ‡¶¨‡¶æ ‡¶¶‡¶ø‡¶¨‡¶∏‡•§

#PrimeBank #FathersDay #HonoringAllFathers",,100070304281907,177,23,10,,,,,,,,,,,,,2025-06-18 12:03:17,2025-06-18,12:03:17,,,,,primebankofficial,https://www.facebook.com/100070304281907/posts/768296855523784,1749924010.0,,,Facebook Page
768252318861571,,https://www.facebook.com/primebankofficial/posts/pfbid0ZTbicTEjFzo4ULJNNPkyeECyxLkZkUxk2H5t9JmiBpPda952kWgX7F9V1qqXzkxcl,https://www.facebook.com/primebankofficial,https://www.facebook.com/primebankofficial,2025-06-14T17:07:53.000Z,,,"Turn your savings into strength!

Open a Prime Hasanah Women‚Äôs Savings Account and take charge of your future‚Äîwith halal savings and the confidence to grow on your own terms.

#PrimeBank #Neera #ami_neera #SavingsAccount #halalSavings #PowerToYou",,100070304281907,110,16,4,,,,,,,,,,,,,2025-06-18 12:03:17,2025-06-18,12:03:17,,,,,primebankofficial,https://www.facebook.com/100070304281907/posts/768252318861571,1749920873.0,,,Facebook Page
768141452205991,,https://www.facebook.com/primebankofficial/videos/1394366471603858/,https://www.facebook.com/primebankofficial,https://www.facebook.com/primebankofficial,2025-06-14T14:05:54.000Z,,,"Furnish your dream home with Prime Swapnashaj Loan. 

To know more please visit: tinyurl.com/Prime-Home-Loans

#DreamHome #PrimeBank",,100070304281907,44,12,0,,,,,,,,,,,,,2025-06-18 12:03:17,2025-06-18,12:03:17,,,,,primebankofficial,https://www.facebook.com/100070304281907/posts/768141452205991,1749909954.0,http://tinyurl.com/Prime-Home-Loans,,Facebook Page
767472135606256,,https://www.facebook.com/primebankofficial/posts/pfbid02TM2nZQpZkvobRFF4piDKbHZgz6V2dcwCpfrkXMhnhuBijm6TCDpQtAA11FBNaRfl,https://www.facebook.com/primebankofficial,https://www.facebook.com/primebankofficial,2025-06-13T16:08:26.000Z,,,"Dive into delicious deals with Prime Bank Cards at Platinum Grand!

#PrimeBank #DebitCard #creditcard #PlatinumGrand #eiduladha2025",,100070304281907,5336,20,691,,,,,,,,,,,,,2025-06-18 12:03:17,2025-06-18,12:03:17,,,,,primebankofficial,https://www.facebook.com/100070304281907/posts/767472135606256,1749830906.0,https://www.primebank.com.bd/,,Facebook Page
767140542306082,,https://www.facebook.com/primebankofficial/posts/pfbid02qp64oQDCiiAimVqVCS9CccUzvs7DYB4Lkmi4WJF4HL2cPChjD9vq8rbuGqCGFVP5l,https://www.facebook.com/primebankofficial,https://www.facebook.com/primebankofficial,2025-06-13T06:06:19.000Z,,,"Celebrate DAD, the Prime Way!

Details: https://www.primebank.com.bd/fathers-day-2025

#PrimeBank #DebitCard #creditcard #FathersDay2025",,100070304281907,3685,7,485,,,,,,,,,,,,,2025-06-18 12:03:17,2025-06-18,12:03:17,,,,,primebankofficial,https://www.facebook.com/100070304281907/posts/767140542306082,1749794779.0,https://www.primebank.com.bd/fathers-day-2025,,Facebook Page
766675219019281,,https://www.facebook.com/primebankofficial/videos/1263215722045188/,https://www.facebook.com/primebankofficial,https://www.facebook.com/primebankofficial,2025-06-12T14:42:48.000Z,,,"‡¶Æ‡¶æ‡¶á‡¶™‡ßç‡¶∞‡¶æ‡¶á‡¶Æ ‡¶Ö‡ßç‡¶Ø‡¶æ‡¶™ ‡¶¶‡¶ø‡¶Ø‡¶º‡ßá ‡¶ö‡¶æ‡¶∞‡ßç‡¶ú ‡¶´‡ßç‡¶∞‡¶ø ‡¶Æ‡ßã‡¶¨‡¶æ‡¶á‡¶≤ ‡¶ü‡¶™-‡¶Ü‡¶™ ‡¶ï‡¶∞‡ßÅ‡¶® ‡¶Ø‡¶ñ‡¶® ‡¶Ø‡ßá‡¶ñ‡¶æ‡¶®‡ßá  ‡¶™‡ßç‡¶∞‡¶Ø‡¶º‡ßã‡¶ú‡¶®! 

‡¶Æ‡¶æ‡¶á‡¶™‡ßç‡¶∞‡¶æ‡¶á‡¶Æ ‡¶°‡¶æ‡¶â‡¶®‡¶≤‡ßã‡¶° ‡¶ï‡¶∞‡¶§‡ßá ‡¶ï‡ßç‡¶≤‡¶ø‡¶ï ‡¶ï‡¶∞‡ßÅ‡¶®: tinyurl.com/Download-MyPrime

#PrimeBank #MyPrime",,100070304281907,57,6,2,,,,,,,,,,,,,2025-06-18 12:03:17,2025-06-18,12:03:17,,,,,primebankofficial,https://www.facebook.com/100070304281907/posts/766675219019281,1749739368.0,http://tinyurl.com/Download-MyPrime,,Facebook Page
765949195758550,,https://www.facebook.com/primebankofficial/posts/pfbid02aqRwyP3pU6EqSwywPWy2X2Z17ZnUkJU99sorZfpd2Hps3uajiV3Bf9ufAF4b3mkcl,https://www.facebook.com/primebankofficial,https://www.facebook.com/primebankofficial,2025-06-11T14:58:55.000Z,,,"üéì‚úàÔ∏è Unpack Your Future with Prime Bank! Dreaming of studying abroad? üåç 

Open your Student File today and step closer to undergraduate, postgraduate, advanced diploma, or PhD programs around the world.

For more info please visit: tinyurl.com/Prime-Student-File

For queries please email: prime_studentfile@primebank.com.bd or call our 24/7 helpline 16218. For Sign language support please call via WhatsApp 013 211 16218 (10 AM ‚Äì 4 PM).

#PrimeBank #PrimeStudentFile #StudyAbroad",,100070304281907,33,4,4,,,,,,,,,,,,,2025-06-18 12:03:17,2025-06-18,12:03:17,,,,,primebankofficial,https://www.facebook.com/100070304281907/posts/765949195758550,1749653935.0,http://tinyurl.com/Prime-Student-File,,Facebook Page
765095652510571,,https://www.facebook.com/primebankofficial/videos/1909408576474016/,https://www.facebook.com/primebankofficial,https://www.facebook.com/primebankofficial,2025-06-10T13:07:14.000Z,,,"‡¶Æ‡¶æ‡¶á‡¶™‡ßç‡¶∞‡¶æ‡¶á‡¶Æ ‡¶Ö‡ßç‡¶Ø‡¶æ‡¶™ ‡¶•‡ßá‡¶ï‡ßá ‡¶ï‡¶æ‡¶∞‡ßç‡¶° ‡¶∏‡¶æ‡¶∞‡ßç‡¶≠‡¶ø‡¶∏‡ßá‡¶∏ ‡¶®‡¶ø‡¶® ‡¶Ø‡¶ñ‡¶® ‡¶Ø‡ßá‡¶ñ‡¶æ‡¶®‡ßá  ‡¶™‡ßç‡¶∞‡¶Ø‡¶º‡ßã‡¶ú‡¶®! 

‡¶Æ‡¶æ‡¶á‡¶™‡ßç‡¶∞‡¶æ‡¶á‡¶Æ ‡¶°‡¶æ‡¶â‡¶®‡¶≤‡ßã‡¶° ‡¶ï‡¶∞‡¶§‡ßá ‡¶ï‡ßç‡¶≤‡¶ø‡¶ï ‡¶ï‡¶∞‡ßÅ‡¶®: tinyurl.com/Download-MyPrime

#PrimeBank #MyPrime",,100070304281907,151,14,10,,,,,,,,,,,,,2025-06-18 12:03:17,2025-06-18,12:03:17,,,,,primebankofficial,https://www.facebook.com/100070304281907/posts/765095652510571,1749560834.0,http://tinyurl.com/Download-MyPrime,,Facebook Page
764373905916079,,https://www.facebook.com/primebankofficial/videos/1215388196467593/,https://www.facebook.com/primebankofficial,https://www.facebook.com/primebankofficial,2025-06-09T13:01:01.000Z,,,"Reach your squad goals with Prime Bank's Auto Loan solution. 

To know more please visit: tinyurl.com/Auto-Loan-Solution

#PrimeBank #AutoLoan #SquadGoals",,100070304281907,3802,65,123,,,,,,,,,,,,,2025-06-18 12:03:17,2025-06-18,12:03:17,,,,,primebankofficial,https://www.facebook.com/100070304281907/posts/764373905916079,1749474061.0,http://tinyurl.com/Auto-Loan-Solution,,Facebook Page
764224309264372,,https://www.facebook.com/primebankofficial/posts/pfbid02qgE2g3WXiRX3rRYLtFwUwho4BK5RTkFPoPq7vcUf5b7fD8yk2CziYJNwjmFsVqHyl,https://www.facebook.com/primebankofficial,https://www.facebook.com/primebankofficial,2025-06-09T08:19:38.000Z,,,"Eid treats made sweeter with Prime Bank Cards at Platinum Residence.

#PrimeBank #debitcard #creditcard #PlatinumResidence #eiduladha2025",,100070304281907,5356,19,599,,,,,,,,,,,,,2025-06-18 12:03:17,2025-06-18,12:03:17,,,,,primebankofficial,https://www.facebook.com/100070304281907/posts/764224309264372,1749457178.0,,,Facebook Page
763458219340981,,https://www.facebook.com/primebankofficial/posts/pfbid02qjW2itWfj5iygHQ5z3KeL7D2j69bH9mCrtPbUvqm5aR4br9eSo4zPkmTVwQPV3YYl,https://www.facebook.com/primebankofficial,https://www.facebook.com/primebankofficial,2025-06-08T08:00:29.000Z,,,"Stay close to the sea and closer to your family ‚Äî with a Buy 1 Get 1 Free buffet dinner in elegance and comfort at Long Beach Hotel, Cox‚Äôs Bazar.

#PrimeBank #debitcard #creditcard #longbeach #coxsbazar #buffet #dinner",,100070304281907,4851,12,541,,,,,,,,,,,,,2025-06-18 12:03:17,2025-06-18,12:03:17,,,,,primebankofficial,https://www.facebook.com/100070304281907/posts/763458219340981,1749369629.0,https://www.primebank.com.bd/,,Facebook Page
763400286013441,,https://www.facebook.com/primebankofficial/videos/1081789643825216/,https://www.facebook.com/primebankofficial,https://www.facebook.com/primebankofficial,2025-06-08T06:08:56.000Z,,,"‡¶Æ‡¶æ‡¶á‡¶™‡ßç‡¶∞‡¶æ‡¶á‡¶Æ ‡¶Ö‡ßç‡¶Ø‡¶æ‡¶™ ‡¶¶‡¶ø‡¶Ø‡¶º‡ßá ‡¶ö‡¶æ‡¶∞‡ßç‡¶ú ‡¶´‡ßç‡¶∞‡¶ø ‡¶´‡¶æ‡¶®‡ßç‡¶° ‡¶ü‡ßç‡¶∞‡¶æ‡¶®‡ßç‡¶∏‡¶´‡¶æ‡¶∞ (Intra-bank, BEFTN, NPSB ‡¶ì MFS) ‡¶ï‡¶∞‡ßÅ‡¶® ‡¶Ø‡¶ñ‡¶® ‡¶Ø‡ßá‡¶ñ‡¶æ‡¶®‡ßá  ‡¶™‡ßç‡¶∞‡¶Ø‡¶º‡ßã‡¶ú‡¶®! 

‡¶Æ‡¶æ‡¶á‡¶™‡ßç‡¶∞‡¶æ‡¶á‡¶Æ ‡¶°‡¶æ‡¶â‡¶®‡¶≤‡ßã‡¶° ‡¶ï‡¶∞‡¶§‡ßá ‡¶ï‡ßç‡¶≤‡¶ø‡¶ï ‡¶ï‡¶∞‡ßÅ‡¶®: tinyurl.com/Download-MyPrime

#PrimeBank #MyPrime",,100070304281907,1218,42,61,,,,,,,,,,,,,2025-06-18 12:03:17,2025-06-18,12:03:17,,,,,primebankofficial,https://www.facebook.com/100070304281907/posts/763400286013441,1749362936.0,http://tinyurl.com/Download-MyPrime,,Facebook Page
763055656047904,,https://www.facebook.com/primebankofficial/posts/pfbid02HAGwawMPs19BSCst8hgjPZ5VxTfFkyXy75gUQKkTPTZBP6o82t772z2Ebxcsk4Bxl,https://www.facebook.com/primebankofficial,https://www.facebook.com/primebankofficial,2025-06-07T18:00:09.000Z,,,"Let's remind ourselves that true wellness isn‚Äôt just physical, but also emotional, social, and environmental. Because real wellness begins when we reconnect with ourselves and everything around us.

#PrimeBankPLC #ReconnectMagenta #GlobalWellnessDay2025",,100070304281907,101,21,9,,,,,,,,,,,,,2025-06-18 12:03:17,2025-06-18,12:03:17,,,,,primebankofficial,https://www.facebook.com/100070304281907/posts/763055656047904,1749319209.0,,,Facebook Page
763028319383971,,https://www.facebook.com/primebankofficial/posts/pfbid02btom7HDADA3Li163W1iLg6euk8PnP9Jth4QCjryRYsgXKcEvf2hv89KtD9spQ7BCl,https://www.facebook.com/primebankofficial,https://www.facebook.com/primebankofficial,2025-06-07T17:12:25.000Z,,,"ùôÄùôûùôô ùòºùôôùô´ùôöùô£ùô©ùô™ùôßùôöùô® ùôéùô©ùôñùôßùô© ùôÉùôöùôßùôö!

Hold hands, scream together, and laugh louder ‚Äî enjoy the thrill of Eid with exclusive savings at Mana Bay.

#PrimeBank #debitcard #CreditCard #ManaBay #eiduladha2025 #amusementpark",,100070304281907,6760,25,352,,,,,,,,,,,,,2025-06-18 12:03:17,2025-06-18,12:03:17,,,,,primebankofficial,https://www.facebook.com/100070304281907/posts/763028319383971,1749316345.0,https://www.primebank.com.bd/,,Facebook Page
762803282739808,,https://www.facebook.com/primebankofficial/posts/pfbid021T2VTsquYhkKtR3srW5XZeV6PZoRiQcH1TRz8C4g85GFGg6yZzpzDQi7KPhuRctgl,https://www.facebook.com/primebankofficial,https://www.facebook.com/primebankofficial,2025-06-07T10:55:18.000Z,,,"Escape into the world of movies with Prime Bank Mastercard Credit Cards!

#PrimeBank #creditcard #Mastercard #StarCineplex #movietickets",,100070304281907,4811,12,629,,,,,,,,,,,,,2025-06-18 12:03:17,2025-06-18,12:03:17,,,,,primebankofficial,https://www.facebook.com/100070304281907/posts/762803282739808,1749293718.0,https://www.primebank.com.bd/,,Facebook Page
762381689448634,,https://www.facebook.com/primebankofficial/videos/1259922195481755/,https://www.facebook.com/primebankofficial,https://www.facebook.com/primebankofficial,2025-06-06T20:18:59.000Z,,,"‡¶§‡¶ø‡¶® ‡¶¶‡¶∂‡¶ï ‡¶ß‡¶∞‡ßá ‡¶¶‡¶ï‡ßç‡¶∑‡¶§‡¶æ‡¶∞ ‡¶∏‡¶æ‡¶•‡ßá ‡¶¨‡¶æ‡¶Ç‡¶≤‡¶æ‡¶¶‡ßá‡¶∂‡ßá ‡¶∂‡¶∞‡ßÄ‡ßü‡¶æ‡¶π‡ßç‚Äå‡¶∏‡¶Æ‡ßç‡¶Æ‡¶§ ‡¶¨‡ßç‡¶Ø‡¶æ‡¶Ç‡¶ï‡¶ø‡¶Ç ‡¶∏‡ßá‡¶¨‡¶æ ‡¶¶‡¶ø‡ßü‡ßá ‡¶Ü‡¶∏‡¶õ‡ßá ‡¶™‡ßç‡¶∞‡¶æ‡¶á‡¶Æ ‡¶¨‡ßç‡¶Ø‡¶æ‡¶Ç‡¶ï‡ßá‡¶∞ ‡¶π‡¶æ‡¶∏‡¶æ‡¶®‡¶æ‡¶π ‡¶á‡¶∏‡¶≤‡¶æ‡¶Æ‡ßÄ ‡¶¨‡ßç‡¶Ø‡¶æ‡¶Ç‡¶ï‡¶ø‡¶Ç‡•§ ‡¶§‡¶æ‡¶á ‡¶π‡¶æ‡¶≤‡¶æ‡¶≤ ‡¶∏‡¶û‡ßç‡¶ö‡ßü‡ßá‡¶∞ ‡¶Æ‡¶æ‡¶ß‡ßç‡¶Ø‡¶Æ‡ßá ‡¶∏‡¶Æ‡ßÉ‡¶¶‡ßç‡¶ß ‡¶≠‡¶¨‡¶ø‡¶∑‡ßç‡¶Ø‡ßé ‡¶®‡¶ø‡¶∂‡ßç‡¶ö‡¶ø‡¶§ ‡¶ï‡¶∞‡¶§‡ßá ‡¶™‡ßç‡¶∞‡¶æ‡¶á‡¶Æ ‡¶¨‡ßç‡¶Ø‡¶æ‡¶Ç‡¶ï‡ßá‡¶∞ ‡¶π‡¶æ‡¶∏‡¶æ‡¶®‡¶æ‡¶π ‡¶á‡¶∏‡¶≤‡¶æ‡¶Æ‡ßÄ ‡¶¨‡ßç‡¶Ø‡¶æ‡¶Ç‡¶ï‡¶ø‡¶Ç-‡¶á ‡¶π‡ßã‡¶ï ‡¶Ü‡¶™‡¶®‡¶æ‡¶∞ ‡¶™‡ßç‡¶∞‡¶•‡¶Æ ‡¶™‡¶õ‡¶®‡ßç‡¶¶‡•§

#PrimeBank #halaldeposit #halal #Hasanah #IslamiBanking #Deposit",,100070304281907,2839,96,50,,,,,,,,,,,,,2025-06-18 12:03:17,2025-06-18,12:03:17,,,,,primebankofficial,https://www.facebook.com/100070304281907/posts/762381689448634,1749241139.0,,,Facebook Page
762195369467266,,https://www.facebook.com/primebankofficial/posts/4062249187390337:4062249187390337,https://www.facebook.com/primebankofficial,https://www.facebook.com/primebankofficial,2025-06-06T14:35:46.000Z,,,,,100070304281907,111,5,10,,,,,,,,,,,,,2025-06-18 12:03:17,2025-06-18,12:03:17,,,,,primebankofficial,https://www.facebook.com/100070304281907/posts/762195369467266,1749220546.0,https://www.primebank.com.bd/,,Facebook Page
762138419472961,,https://www.facebook.com/primebankofficial/videos/1040923977622768/,https://www.facebook.com/primebankofficial,https://www.facebook.com/primebankofficial,2025-06-06T13:01:28.000Z,,,"‡¶à‡¶¶ ‡¶Æ‡ßã‡¶¨‡¶æ‡¶∞‡¶ï üéâ

#PrimeBank #EidAlAdha2025 #Eid2025 #Compassion&Unity #DivineSacrifice",,100070304281907,125,142,11,,,,,,,,,,,,,2025-06-18 12:03:17,2025-06-18,12:03:17,,,,,primebankofficial,https://www.facebook.com/100070304281907/posts/762138419472961,1749214888.0,https://www.primebank.com.bd/,,Facebook Page
761969766156493,,https://www.facebook.com/primebankofficial/videos/1339381793804859/,https://www.facebook.com/primebankofficial,https://www.facebook.com/primebankofficial,2025-06-06T07:46:08.000Z,,,"Customer Engagement Program at Dhanmondi Branch, organized by Prime Bank Neera in association with Prime Bank‚Äôs Sat Masjid Road Branch.

#PrimeBank #Neera #ami_neera #CustomerEngagement #PowerToYou",,100070304281907,167,15,7,,,,,,,,,,,,,2025-06-18 12:03:17,2025-06-18,12:03:17,,,,,primebankofficial,https://www.facebook.com/100070304281907/posts/761969766156493,1749195968.0,,,Facebook Page
761854066168063,,https://www.facebook.com/primebankofficial/videos/1366201268008884/,https://www.facebook.com/primebankofficial,https://www.facebook.com/primebankofficial,2025-06-06T03:44:03.000Z,,,"‡¶Æ‡¶æ‡¶á‡¶™‡ßç‡¶∞‡¶æ‡¶á‡¶Æ ‡¶Ö‡ßç‡¶Ø‡¶æ‡¶™ ‡¶¶‡¶ø‡¶Ø‡¶º‡ßá ‡¶ö‡¶æ‡¶∞‡ßç‡¶ú ‡¶´‡ßç‡¶∞‡¶ø ‡¶Æ‡ßã‡¶¨‡¶æ‡¶á‡¶≤ ‡¶ü‡¶™-‡¶Ü‡¶™ ‡¶ï‡¶∞‡ßÅ‡¶® ‡¶Ø‡¶ñ‡¶® ‡¶Ø‡ßá‡¶ñ‡¶æ‡¶®‡ßá  ‡¶™‡ßç‡¶∞‡¶Ø‡¶º‡ßã‡¶ú‡¶®! 

‡¶Æ‡¶æ‡¶á‡¶™‡ßç‡¶∞‡¶æ‡¶á‡¶Æ ‡¶°‡¶æ‡¶â‡¶®‡¶≤‡ßã‡¶° ‡¶ï‡¶∞‡¶§‡ßá ‡¶ï‡ßç‡¶≤‡¶ø‡¶ï ‡¶ï‡¶∞‡ßÅ‡¶®: tinyurl.com/Download-MyPrime

#PrimeBank #MyPrime",,100070304281907,891,9,25,,,,,,,,,,,,,2025-06-18 12:03:17,2025-06-18,12:03:17,,,,,primebankofficial,https://www.facebook.com/100070304281907/posts/761854066168063,1749181443.0,http://tinyurl.com/Download-MyPrime,,Facebook Page
